time,pid,virtual_page
1,103,8
2,101,3
3,103,33
4,101,1
5,101,7
6,103,33
7,101,38
8,103,14
9,103,0
10,101,26
11,102,10
12,101,3
13,102,35
14,102,39
15,102,12
16,101,11
17,103,2
18,101,40
19,102,55
20,101,14
21,103,21
22,102,8
23,103,45
24,103,33
25,103,14
26,102,7
27,103,1
28,101,26
29,102,6
30,103,26
31,101,28
32,103,8
33,101,8
34,103,12
35,102,4
36,103,1
37,101,5
38,103,2
39,102,14
40,103,0
41,103,37
42,103,40
43,103,9
44,102,0
45,103,24
46,103,32
47,101,25
48,103,6
49,101,5
50,103,74
51,101,15
52,101,11
53,102,7
54,103,46
55,103,2
56,103,20
57,103,5
58,102,13
59,101,53
60,103,11
61,102,30
62,101,2
63,102,7
64,103,2
65,103,23
66,101,62
67,101,8
68,103,4
69,103,77
70,103,15
71,102,3
72,103,13
73,102,1
74,103,36
75,101,10
76,101,6
77,103,13
78,101,7
79,101,3
80,101,33
81,101,56
82,101,15
83,101,17
84,101,12
85,102,70
86,102,15
87,101,6
88,101,1
89,103,1
90,103,5
91,101,46
92,101,2
93,103,28
94,101,77
95,101,1
96,103,10
97,102,10
98,101,4
99,103,30
100,102,45
101,101,3
102,101,8
103,101,45
104,101,5
105,102,38
106,102,36
107,103,9
108,103,4
109,102,3
110,103,8
111,102,38
112,102,8
113,103,1
114,101,24
115,101,4
116,103,51
117,103,13
118,103,2
119,103,75
120,101,34
121,103,4
122,101,1
123,102,7
124,103,13
125,103,23
126,101,52
127,102,10
128,102,39
129,101,3
130,102,31
131,101,14
132,102,7
133,101,6
134,102,2
135,102,12
136,103,75
137,102,48
138,102,8
139,101,13
140,102,26
141,102,32
142,101,6
143,102,13
144,101,6
145,102,10
146,103,3
147,103,73
148,102,26
149,102,33
150,101,12
151,103,21
152,103,12
153,103,25
154,102,10
155,102,6
156,103,5
157,103,10
158,101,40
159,101,23
160,101,1
161,101,80
162,101,6
163,103,31
164,102,0
165,101,23
166,101,38
167,103,7
168,101,14
169,103,10
170,102,39
171,103,14
172,101,31
173,102,7
174,103,15
175,103,14
176,101,23
177,102,2
178,101,12
179,103,6
180,101,10
181,103,1
182,101,28
183,103,42
184,103,0
185,102,12
186,102,7
187,102,13
188,102,10
189,103,28
190,103,14
191,101,75
192,101,78
193,103,18
194,103,14
195,101,12
196,102,10
197,102,28
198,102,29
199,102,31
200,101,17
201,102,2
202,103,0
203,101,0
204,103,4
205,102,34
206,101,8
207,102,3
208,101,47
209,103,9
210,103,28
211,102,53
212,101,7
213,101,25
214,103,19
215,103,27
216,103,11
217,101,10
218,101,31
219,101,11
220,103,30
221,103,5
222,103,8
223,103,33
224,102,8
225,102,18
226,102,23
227,102,12
228,102,10
229,101,11
230,102,8
231,103,6
232,101,13
233,102,7
234,103,15
235,102,18
236,102,7
237,102,27
238,102,11
239,102,76
240,102,14
241,102,7
242,101,26
243,101,40
244,103,6
245,103,9
246,101,25
247,101,9
248,101,20
249,102,1
250,103,4
251,103,31
252,101,34
253,102,14
254,102,1
255,102,71
256,101,28
257,102,1
258,101,9
259,101,48
260,103,35
261,103,23
262,103,14
263,102,29
264,102,1
265,103,47
266,101,24
267,103,7
268,101,5
269,101,15
270,102,9
271,103,14
272,101,24
273,103,6
274,102,7
275,103,8
276,101,5
277,102,9
278,102,9
279,103,8
280,103,14
281,101,13
282,103,8
283,101,0
284,103,34
285,101,21
286,102,14
287,102,13
288,103,18
289,102,10
290,102,21
291,102,15
292,102,28
293,103,2
294,102,3
295,102,16
296,103,30
297,102,11
298,103,36
299,102,22
300,102,9
301,102,31
302,101,7
303,103,0
304,103,7
305,101,3
306,103,31
307,103,8
308,102,31
309,101,4
310,102,4
311,101,13
312,102,73
313,102,25
314,103,15
315,101,15
316,102,12
317,102,53
318,103,12
319,101,29
320,101,15
321,103,65
322,102,50
323,102,49
324,103,62
325,101,30
326,101,14
327,101,29
328,103,45
329,102,24
330,102,28
331,103,10
332,103,28
333,102,40
334,102,17
335,103,9
336,101,29
337,101,38
338,101,9
339,101,1
340,102,13
341,101,13
342,103,21
343,101,12
344,103,31
345,103,14
346,103,8
347,103,14
348,102,21
349,101,11
350,103,13
351,103,9
352,101,71
353,101,11
354,103,9
355,101,66
356,102,1
357,103,25
358,101,27
359,101,35
360,102,39
361,103,20
362,103,1
363,102,17
364,103,4
365,101,61
366,103,6
367,101,27
368,103,8
369,101,15
370,102,26
371,101,2
372,101,23
373,103,28
374,103,12
375,101,3
376,102,8
377,103,11
378,101,31
379,101,33
380,102,55
381,103,14
382,103,13
383,101,1
384,102,48
385,101,4
386,102,13
387,103,20
388,102,31
389,103,8
390,101,22
391,102,7
392,102,11
393,103,63
394,101,6
395,101,70
396,101,36
397,103,0
398,101,23
399,101,22
400,101,33
401,101,7
402,102,35
403,101,4
404,101,5
405,101,16
406,101,7
407,103,5
408,102,13
409,103,2
410,102,11
411,103,14
412,103,1
413,103,37
414,103,0
415,101,66
416,102,31
417,103,45
418,101,4
419,101,10
420,102,74
421,102,13
422,101,19
423,103,40
424,103,22
425,102,7
426,102,14
427,102,3
428,102,8
429,102,71
430,101,2
431,101,11
432,101,10
433,103,11
434,103,68
435,103,9
436,103,3
437,103,4
438,103,3
439,102,27
440,101,34
441,101,33
442,103,36
443,103,8
444,101,9
445,102,5
446,101,12
447,101,0
448,101,22
449,102,10
450,101,10
451,103,1
452,101,1
453,103,14
454,103,14
455,102,3
456,102,9
457,103,31
458,103,17
459,101,1
460,101,6
461,101,25
462,102,15
463,103,4
464,102,7
465,103,11
466,101,1
467,102,2
468,102,12
469,103,25
470,101,10
471,101,35
472,102,27
473,101,3
474,101,12
475,103,9
476,103,10
477,101,3
478,103,11
479,102,36
480,101,4
481,102,4
482,103,15
483,102,40
484,103,10
485,103,14
486,101,9
487,102,11
488,103,14
489,102,11
490,102,2
491,103,12
492,102,1
493,102,77
494,103,15
495,103,1
496,102,10
497,103,5
498,101,14
499,102,5
500,102,9
501,102,10
502,103,10
503,101,12
504,102,4
505,102,4
506,102,12
507,101,2
508,102,10
509,101,39
510,103,46
511,103,32
512,102,9
513,101,62
514,102,4
515,101,3
516,103,39
517,103,10
518,103,12
519,101,5
520,103,13
521,102,23
522,102,40
523,103,23
524,103,15
525,101,14
526,102,40
527,102,13
528,101,35
529,101,17
530,103,11
531,103,74
532,101,5
533,102,4
534,102,7
535,102,16
536,102,11
537,101,2
538,102,10
539,101,36
540,102,20
541,101,15
542,103,40
543,103,0
544,101,6
545,101,13
546,101,23
547,102,7
548,102,35
549,102,15
550,103,7
551,103,13
552,101,23
553,103,2
554,103,45
555,103,0
556,102,17
557,103,11
558,102,27
559,101,3
560,103,26
561,101,10
562,103,14
563,103,5
564,101,14
565,101,1
566,101,26
567,102,15
568,102,6
569,102,1
570,103,3
571,102,12
572,103,12
573,102,72
574,103,8
575,101,18
576,102,21
577,103,3
578,101,9
579,102,13
580,101,27
581,102,11
582,103,58
583,103,44
584,101,28
585,102,5
586,101,14
587,101,7
588,103,12
589,103,4
590,103,11
591,102,2
592,103,11
593,102,8
594,101,42
595,103,12
596,103,8
597,103,9
598,103,72
599,101,2
600,102,14
601,101,26
602,103,2
603,103,9
604,101,38
605,103,11
606,103,6
607,101,15
608,101,11
609,102,33
610,101,18
611,101,15
612,103,13
613,103,10
614,103,14
615,103,4
616,103,21
617,101,1
618,101,9
619,101,7
620,102,74
621,102,24
622,101,33
623,102,9
624,103,5
625,103,50
626,101,39
627,103,1
628,101,8
629,103,13
630,103,31
631,103,9
632,102,12
633,102,1
634,101,15
635,102,4
636,102,26
637,103,63
638,102,11
639,103,10
640,101,8
641,102,3
642,101,12
643,103,5
644,102,61
645,101,31
646,103,9
647,102,12
648,103,7
649,101,1
650,101,15
651,102,3
652,102,8
653,103,12
654,102,1
655,103,11
656,103,12
657,103,8
658,103,19
659,101,66
660,102,26
661,103,50
662,101,28
663,103,1
664,101,31
665,103,4
666,102,61
667,101,9
668,103,15
669,103,15
670,101,3
671,102,0
672,103,7
673,103,15
674,101,12
675,101,23
676,101,3
677,101,10
678,102,6
679,102,15
680,103,38
681,101,10
682,103,12
683,102,70
684,103,11
685,103,39
686,103,38
687,102,22
688,101,9
689,101,60
690,102,38
691,103,15
692,102,8
693,102,12
694,102,40
695,101,9
696,103,14
697,103,15
698,101,8
699,103,20
700,101,34
701,101,7
702,103,3
703,102,15
704,101,20
705,101,51
706,102,31
707,102,40
708,102,1
709,101,23
710,103,17
711,101,5
712,101,66
713,102,9
714,101,3
715,102,15
716,101,30
717,102,3
718,102,14
719,103,5
720,101,25
721,103,22
722,101,36
723,102,32
724,102,3
725,101,71
726,102,41
727,102,14
728,102,60
729,103,16
730,102,38
731,101,3
732,102,12
733,103,9
734,103,9
735,102,23
736,101,14
737,103,64
738,102,31
739,103,22
740,101,35
741,101,11
742,101,48
743,101,32
744,101,4
745,101,14
746,101,38
747,103,14
748,101,13
749,102,14
750,103,39
751,101,0
752,103,2
753,101,2
754,103,45
755,102,13
756,101,40
757,103,67
758,102,65
759,102,28
760,102,4
761,103,19
762,101,66
763,103,7
764,101,25
765,102,33
766,102,7
767,101,4
768,102,3
769,101,29
770,103,16
771,101,3
772,103,1
773,101,28
774,102,6
775,101,9
776,101,39
777,103,10
778,101,4
779,103,13
780,102,5
781,103,33
782,102,11
783,103,32
784,102,29
785,101,5
786,103,7
787,102,20
788,102,76
789,102,76
790,103,7
791,102,2
792,102,18
793,103,22
794,101,1
795,101,6
796,102,10
797,102,41
798,101,48
799,103,71
800,101,38
801,101,7
802,103,9
803,102,11
804,102,15
805,102,15
806,102,64
807,102,7
808,103,8
809,103,78
810,103,4
811,101,12
812,103,31
813,103,37
814,102,15
815,103,31
816,102,11
817,101,15
818,101,75
819,103,74
820,101,18
821,103,0
822,102,7
823,101,16
824,101,11
825,101,37
826,103,72
827,101,13
828,101,8
829,103,42
830,103,37
831,102,21
832,101,74
833,101,8
834,102,12
835,101,12
836,102,7
837,102,18
838,103,43
839,101,12
840,103,0
841,103,15
842,102,26
843,103,47
844,103,55
845,101,77
846,102,2
847,103,75
848,103,21
849,102,6
850,103,12
851,101,7
852,103,28
853,103,26
854,102,20
855,103,32
856,103,44
857,101,2
858,102,35
859,103,10
860,101,30
861,102,12
862,102,12
863,101,25
864,101,18
865,102,4
866,103,11
867,101,9
868,102,8
869,101,5
870,102,13
871,101,11
872,103,10
873,102,13
874,102,39
875,103,56
876,103,12
877,101,9
878,102,2
879,101,13
880,102,2
881,102,7
882,103,35
883,103,3
884,101,12
885,102,28
886,102,13
887,103,49
888,102,6
889,102,12
890,102,15
891,103,26
892,102,12
893,102,6
894,103,52
895,103,16
896,103,6
897,102,38
898,101,29
899,103,9
900,101,4
901,103,12
902,101,15
903,103,13
904,103,11
905,103,33
906,103,18
907,101,37
908,103,1
909,103,66
910,102,68
911,101,8
912,101,7
913,102,14
914,103,4
915,102,71
916,101,2
917,101,39
918,101,10
919,102,32
920,102,3
921,102,30
922,102,1
923,103,10
924,103,5
925,103,5
926,103,13
927,102,12
928,103,13
929,102,6
930,102,12
931,101,22
932,102,18
933,103,5
934,102,14
935,101,15
936,103,61
937,103,12
938,103,11
939,102,37
940,103,35
941,103,4
942,102,9
943,101,4
944,103,4
945,103,5
946,102,38
947,103,52
948,103,9
949,101,14
950,103,11
951,101,6
952,102,73
953,103,15
954,102,30
955,102,0
956,101,8
957,101,5
958,102,15
959,103,3
960,102,27
961,103,17
962,103,6
963,102,7
964,102,17
965,102,2
966,102,19
967,101,11
968,103,29
969,101,22
970,101,34
971,102,5
972,102,59
973,102,3
974,101,67
975,101,49
976,103,23
977,101,23
978,103,4
979,103,36
980,102,2
981,103,40
982,101,8
983,103,64
984,102,61
985,103,2
986,103,63
987,101,28
988,101,54
989,102,9
990,102,4
991,103,26
992,103,17
993,101,30
994,101,5
995,102,13
996,101,49
997,103,8
998,101,24
999,101,5
1000,101,9
